{
        "users": [
            {
                "username": "palbp",
                "password": "12345",
                "name": "Paulo Pereira",
                "gravatar": "https://s.gravatar.com/avatar/8c77d4c939023b0c767bd5e490b32ac2?s=80",
                "email": "palbp@cc.isel.ipl.pt"
            },
            {
                "username": "vaz",
                "password": "123",
                "name": "Joao Vaz",
                "gravatar": "https://s.gravatar.com/avatar/8c77d4c939023b0c767bd5e490b32ac2?s=80",
                "email": "1904@slb.com"
            }
        ]
    } 